{"cameraMode":{"drawMode":0,"name":"Shaded","section":"Shading Mode"},"sceneLighting":false,"audioPlay":false,"sceneViewState":{"m_AlwaysRefresh":false,"showFog":true,"showSkybox":false,"showFlares":true,"showImageEffects":true,"showParticleSystems":true,"showVisualEffectGraphs":true,"m_FxEnabled":true},"in2DMode":false,"pivot":{"x":0.3302662670612335,"y":0.4888576567173004,"z":32.69287872314453},"rotation":{"x":-0.005838389042764902,"y":0.9941579103469849,"z":-0.07801180332899094,"w":-0.07440178841352463},"size":1.2216297388076783,"orthographic":false}