{"cameraMode":{"drawMode":0,"name":"Shaded","section":"Shading Mode"},"sceneLighting":false,"audioPlay":false,"sceneViewState":{"m_AlwaysRefresh":false,"showFog":true,"showSkybox":false,"showFlares":true,"showImageEffects":true,"showParticleSystems":true,"showVisualEffectGraphs":true,"m_FxEnabled":true},"in2DMode":false,"pivot":{"x":-0.7735674381256104,"y":0.5964282751083374,"z":10.98602294921875},"rotation":{"x":0.13035453855991364,"y":-0.21096102893352509,"z":0.028397884219884874,"w":0.9683562517166138},"size":2.555729389190674,"orthographic":false}