{"cameraMode":{"drawMode":0,"name":"Shaded","section":"Shading Mode"},"sceneLighting":false,"audioPlay":false,"sceneViewState":{"m_AlwaysRefresh":false,"showFog":true,"showSkybox":false,"showFlares":true,"showImageEffects":true,"showParticleSystems":true,"showVisualEffectGraphs":true,"m_FxEnabled":true},"in2DMode":false,"pivot":{"x":3.380000114440918,"y":-0.04800000414252281,"z":149.11000061035157},"rotation":{"x":0.28123345971107485,"y":-0.5142667293548584,"z":0.18324969708919526,"w":0.7892276048660278},"size":1.2382858991622925,"orthographic":false}