{"cameraMode":{"drawMode":0,"name":"Shaded","section":"Shading Mode"},"sceneLighting":true,"audioPlay":false,"sceneViewState":{"m_AlwaysRefresh":false,"showFog":true,"showSkybox":true,"showFlares":true,"showImageEffects":true,"showParticleSystems":true,"showVisualEffectGraphs":true,"m_FxEnabled":true},"in2DMode":false,"pivot":{"x":-0.8522010445594788,"y":2.051039934158325,"z":4.170387268066406},"rotation":{"x":-0.012112614698708058,"y":0.5658222436904907,"z":0.008311347104609013,"w":0.824409008026123},"size":0.49919331073760989,"orthographic":false}