{"cameraMode":{"drawMode":0,"name":"Shaded","section":"Shading Mode"},"sceneLighting":false,"audioPlay":false,"sceneViewState":{"m_AlwaysRefresh":false,"showFog":true,"showSkybox":false,"showFlares":true,"showImageEffects":true,"showParticleSystems":true,"showVisualEffectGraphs":true,"m_FxEnabled":true},"in2DMode":false,"pivot":{"x":1.7892632484436036,"y":1.4957513809204102,"z":56.697731018066409},"rotation":{"x":-0.19183287024497987,"y":0.6591822504997253,"z":-0.17946405708789826,"w":-0.7046151757240295},"size":2.631486654281616,"orthographic":false}